benchmark,prompt,jev-urdu minus,accuracy Δ,95% CI low,95% CI high,significant
Laya-Urdu test,Urdu,laya-multilingual,0.3608521970705726,0.32756324900133155,0.3955059920106523,yes
Laya-Urdu test,Urdu,laya (routed),0.3621837549933422,0.3288948069241012,0.3968042609853529,yes
Laya-Urdu test,Urdu,laya (English),0.5952063914780293,0.5605525965379494,0.6284953395472703,yes
"Laya-Urdu test, unseen templates",Urdu,laya-multilingual,0.34775374376039936,0.30948419301164726,0.3843594009983361,yes
"Laya-Urdu test, unseen templates",Urdu,laya (routed),0.34941763727121466,0.30948419301164726,0.3860232945091514,yes
"Laya-Urdu test, unseen templates",Urdu,laya (English),0.6356073211314476,0.5973377703826955,0.6738768718801996,yes
XNLI-ur,Urdu,laya-multilingual,0.12914171656686627,0.1121756487025948,0.14590818363273453,yes
XNLI-ur,Urdu,laya (routed),0.12934131736526946,0.11237025948103792,0.14591317365269457,yes
XNLI-ur,Urdu,laya (English),0.2439121756487026,0.22395209580838324,0.26248003992015967,yes
MASSIVE ur-PK,Urdu,laya-multilingual,-0.050773369199731,-0.06624915938130464,-0.03665097511768662,yes
MASSIVE ur-PK,Urdu,laya (routed),-0.050773369199731,-0.06624915938130464,-0.03665097511768662,yes
MASSIVE ur-PK,Urdu,laya (English),0.21620712844653664,0.19737726967047747,0.23538164088769328,yes
Roman-Urdu sentiment,Urdu,laya-multilingual,0.03173828125,0.00732421875,0.05567626953124993,yes
Roman-Urdu sentiment,Urdu,laya (routed),0.0439453125,0.02001953125,0.0693359375,yes
Roman-Urdu sentiment,Urdu,laya (English),0.0625,0.0380859375,0.0869140625,yes
XNLI-ur,English,laya-multilingual,0.0003992015968063872,-0.010978043912175649,0.01157684630738523,no
XNLI-ur,English,laya (routed),0.0013972055888223553,-0.00998003992015968,0.012375249500998005,no
XNLI-ur,English,laya (English),0.2678642714570858,0.2504940119760479,0.28483033932135726,yes
MASSIVE ur-PK,English,laya-multilingual,0.02051109616677875,0.005379959650302623,0.03496973772696705,yes
MASSIVE ur-PK,English,laya (routed),0.02051109616677875,0.005379959650302623,0.03496973772696705,yes
MASSIVE ur-PK,English,laya (English),0.269670477471419,0.25050437121721586,0.2898453261600538,yes
Roman-Urdu sentiment,English,laya-multilingual,0.01025390625,-0.01171875,0.03370361328124993,no
Roman-Urdu sentiment,English,laya (routed),0.03662109375,0.01416015625,0.05810546875,yes
Roman-Urdu sentiment,English,laya (English),0.044921875,0.02197265625,0.06689453125,yes
