benchmark,prompt,model,decisions,accuracy,macro_f1,log_loss,brier,ece,confidence,majority_class
Laya-Urdu test,Urdu,laya (English),751,0.4047936085219707,,1.1808327077964604,0.6876209965379495,0.15981984021304926,0.5339639147802929,0.45139813581890814
Laya-Urdu test,Urdu,laya-multilingual,751,0.6391478029294274,,1.060689715291959,0.5100731649001332,0.16290905459387486,0.8020568575233024,0.45139813581890814
Laya-Urdu test,Urdu,laya (routed),751,0.6378162450066578,,1.061024325387014,0.5099294265379494,0.16114141145139813,0.798957656458056,0.45139813581890814
Laya-Urdu test,Urdu,jev-urdu,751,1.0,,-0.0,0.0,0.0,1.0,0.45139813581890814
"Laya-Urdu test, unseen templates",Urdu,laya (English),601,0.3643926788685524,,1.2791970303012923,0.7195111704825291,0.1527695507487521,0.5100128119800332,0.44093178036605657
"Laya-Urdu test, unseen templates",Urdu,laya-multilingual,601,0.6522462562396006,,1.0594671493441996,0.48855896071547417,0.13482163061564062,0.7870678868552413,0.44093178036605657
"Laya-Urdu test, unseen templates",Urdu,laya (routed),601,0.6505823627287853,,1.059885272774127,0.4883793475540766,0.13261281198003327,0.7831951747088187,0.44093178036605657
"Laya-Urdu test, unseen templates",Urdu,jev-urdu,601,1.0,,-0.0,0.0,0.0,1.0,0.44093178036605657
XNLI-ur,Urdu,laya (English),5010,0.3461077844311377,0.31803296956771515,1.1041822236503773,0.6697860066307386,0.024323373253493014,0.3704311576846307,0.3333333333333333
XNLI-ur,Urdu,laya-multilingual,5010,0.4608782435129741,0.4580603154780459,1.3552192118365238,0.7265916283073852,0.24792155688622752,0.7087998003992017,0.3333333333333333
XNLI-ur,Urdu,laya (routed),5010,0.4606786427145709,0.4578066267042531,1.3553055399197023,0.7266427794011976,0.24762922155688621,0.7083078642714571,0.3333333333333333
XNLI-ur,Urdu,jev-urdu,5010,0.5900199600798404,0.5892547394900737,3.4041305249110976,0.793537204744511,0.39312239520958087,0.9828738123752495,0.3333333333333333
MASSIVE ur-PK,Urdu,laya (English),2974,0.21654337592468056,0.19268119625011423,3.0056735903582372,0.925769009667115,0.14494519166106257,0.360072831203766,0.1351714862138534
MASSIVE ur-PK,Urdu,laya-multilingual,2974,0.4835238735709482,0.4662274596495123,1.9361674689450348,0.6871877135070612,0.18025901143241427,0.6637828850033625,0.1351714862138534
MASSIVE ur-PK,Urdu,laya (routed),2974,0.4835238735709482,0.46605417820602757,1.9360844284187124,0.6870838632582381,0.1801401479488904,0.6636640215198386,0.1351714862138534
MASSIVE ur-PK,Urdu,jev-urdu,2974,0.4327505043712172,0.4359245455249651,4.293417570595762,1.0089685077168797,0.4760048083389376,0.9087553127101548,0.1351714862138534
USC,Urdu,laya (English),980,0.4846938775510204,0.4821266189429272,0.6950534509715242,0.501902526632653,0.03248948979591837,0.5163892857142858,0.5102040816326531
USC,Urdu,laya-multilingual,980,0.6326530612244898,0.6281368051807878,0.8739660775021068,0.524059973122449,0.20059397959183675,0.8332470408163266,0.5102040816326531
USC,Urdu,laya (routed),980,0.6326530612244898,0.6281368051807878,0.8739660775021068,0.524059973122449,0.20059397959183675,0.8332470408163266,0.5102040816326531
USC,Urdu,jev-urdu,980,0.576530612244898,0.532420708692468,3.516197589972805,0.8231071809183673,0.4115413265306124,0.9870694897959184,0.5102040816326531
Roman-Urdu sentiment,Urdu,laya (English),2048,0.40966796875,0.2524744301620891,1.0857578634068639,0.6579363164111328,0.03860629882812499,0.371061669921875,0.44140625
Roman-Urdu sentiment,Urdu,laya-multilingual,2048,0.4404296875,0.40434830474784816,1.3027094229054903,0.7313294063183594,0.2112923828125,0.65121103515625,0.44140625
Roman-Urdu sentiment,Urdu,laya (routed),2048,0.42822265625,0.313504269179598,1.124182949154887,0.6659173791113282,0.07313857421874999,0.42034140625000005,0.44140625
Roman-Urdu sentiment,Urdu,jev-urdu,2048,0.47216796875,0.3839911580420255,4.6999525447182915,1.0446586475,0.5197908203124999,0.99137138671875,0.44140625
XNLI-ur,English,laya (English),5010,0.36367265469061877,0.32220467933915087,1.3928108832209156,0.8239830435968063,0.2896666866267465,0.6533393413173653,0.3333333333333333
XNLI-ur,English,laya-multilingual,5010,0.6311377245508982,0.6267208468619827,1.530467280470804,0.6265925488782436,0.27330291417165664,0.904014730538922,0.3333333333333333
XNLI-ur,English,laya (routed),5010,0.6301397205588822,0.6256713737688273,1.5307182813393954,0.6275275970878244,0.27387339321357296,0.9035872055888224,0.3333333333333333
XNLI-ur,English,jev-urdu,5010,0.6315369261477046,0.6287523971803266,3.0505972674108692,0.7136933682175649,0.3501848702594812,0.9817217964071856,0.3333333333333333
MASSIVE ur-PK,English,laya (English),2974,0.07094821788836583,0.06604860053591162,5.625268982817806,1.48418020998655,0.6707088769334231,0.7416570948217889,0.1351714862138534
MASSIVE ur-PK,English,laya-multilingual,2974,0.3201075991930061,0.33119968611183737,3.6070592576087197,1.0790946299024882,0.4676778076664424,0.7877854068594483,0.1351714862138534
MASSIVE ur-PK,English,laya (routed),2974,0.3201075991930061,0.33114734975832133,3.608024899945605,1.0792325736381978,0.4677904841963686,0.7878980833893745,0.1351714862138534
MASSIVE ur-PK,English,jev-urdu,2974,0.3406186953597848,0.3715069533712043,5.7152896242017395,1.2752123175521184,0.6289200739744452,0.9693609616677875,0.1351714862138534
USC,English,laya (English),980,0.5102040816326531,0.5029984912454198,0.852241026321835,0.6068265643877552,0.18156397959183673,0.6917680612244899,0.5102040816326531
USC,English,laya-multilingual,980,0.6989795918367347,0.6987835690656664,0.9462204123526937,0.4824892424897959,0.19627204081632643,0.8934491836734694,0.5102040816326531
USC,English,laya (routed),980,0.6989795918367347,0.6987835690656664,0.9462204123526937,0.4824892424897959,0.19627204081632643,0.8934491836734694,0.5102040816326531
USC,English,jev-urdu,980,0.6428571428571429,0.6282906571994573,2.697689845167156,0.669372387877551,0.3339851020408164,0.973876530612245,0.5102040816326531
Roman-Urdu sentiment,English,laya (English),2048,0.4609375,0.3541242377147849,1.2599296921087655,0.7301918913623048,0.243913232421875,0.7048507324218749,0.44140625
Roman-Urdu sentiment,English,laya-multilingual,2048,0.49560546875,0.4385358387911855,1.790084939227734,0.8101218942480468,0.33745400390624997,0.8330594726562499,0.44140625
Roman-Urdu sentiment,English,laya (routed),2048,0.46923828125,0.380974459267932,1.4022011279897073,0.753891855258789,0.26655078125,0.7357890625,0.44140625
Roman-Urdu sentiment,English,jev-urdu,2048,0.505859375,0.4210698657736751,4.207796472052452,0.9615223229394531,0.47505717773437495,0.9809165527343751,0.44140625
